,id,link,description,price,area88,link_ad_74291462,https://www.immobiliare.it/annunci/74291462/,Negozio via montaione,1200,6072,link_ad_51207051,https://www.immobiliare.it/annunci/51207051/,no description,69000,150129,link_ad_78112646,https://www.immobiliare.it/annunci/78112646/,no description,59000,8512,link_ad_71942008,https://www.immobiliare.it/annunci/71942008/,Negozio c/1 mq 450 in zona montesacro,330000,45018,link_ad_73641976,https://www.immobiliare.it/annunci/73641976/,Negozio c/1 mq 450 in zona montesacro,330000,4505,link_ad_71830882,https://www.immobiliare.it/annunci/71830882/,Locale commerciale con attività di ristorazione/lounge bar,PREZZOSURICHIESTA,2 82,link_ad_72261726,https://www.immobiliare.it/annunci/72261726/,Nuovo salario via agliana,450000,57462,link_ad_78882713,https://www.immobiliare.it/annunci/78882713/,Ampio locale commerciale in zona di passaggio,168000,20010,link_ad_74836318,https://www.immobiliare.it/annunci/74836318/,Irripetibile affare ,44000,5084,link_ad_79708099,https://www.immobiliare.it/annunci/79708099/,Ampio locale commerciale con rampa -talenti- gaspara stampa,250000,27691,link_ad_79603835,https://www.immobiliare.it/annunci/79603835/,"Locale/negozio in vendita a roma, monte sacro",370000,4002,link_ad_74485606,https://www.immobiliare.it/annunci/74485606/,Locale commerciale finemente ristrutturato - ottima rendita,390000,40831,link_ad_75200000,https://www.immobiliare.it/annunci/75200000/,Ottimo investimento ,79000,80134,link_ad_62356590,https://www.immobiliare.it/annunci/62356590/,Talenti - via alfredo panzini,39900,4096,link_ad_69348540,https://www.immobiliare.it/annunci/69348540/,no description,30000,3059,link_ad_79496685,https://www.immobiliare.it/annunci/79496685/,no description,140000,133155,link_ad_74111178,https://www.immobiliare.it/annunci/74111178/,Talenti - via a.  graf  locali commerciali,348000,32052,link_ad_76357940,https://www.immobiliare.it/annunci/76357940/,Locale commerciale - talenti - via luciano zuccoli,79000,7033,link_ad_68424205,https://www.immobiliare.it/annunci/68424205/,"Locale commerciale 2 livelli € 79.000,00",79000,6816,link_ad_79689705,https://www.immobiliare.it/annunci/79689705/,Talenti via luciano zuccoli negozio 70 mq 2 vetrine,89000,7021,link_ad_79313371,https://www.immobiliare.it/annunci/79313371/,Montesacro - locale commerciale 220mq - in vendita,280000,22047,link_ad_76080540,https://www.immobiliare.it/annunci/76080540/,"Talenti, via giovanni verga",51000,408,link_ad_74669830,https://www.immobiliare.it/annunci/74669830/,Locale commerciale ristrutturato in via d’ovidio,179000,140187,link_ad_78867343,https://www.immobiliare.it/annunci/78867343/,no description,85000,6640,link_ad_62510302,https://www.immobiliare.it/annunci/62510302/,Locale commerciale  piazza sempione 740 mq,962000,74039,link_ad_75878404,https://www.immobiliare.it/annunci/75878404/,Vendita locale bilivello c1  ad.ze nomentana - espero,79000,6073,link_ad_74594712,https://www.immobiliare.it/annunci/74594712/,Salaria/ val melania negozio adiacente metro jonio,120000,9027,link_ad_58485322,https://www.immobiliare.it/annunci/58485322/,Locale commerciale zona conca d'oro/prati fiscali,PREZZOSURICHIESTA,1.6575,link_ad_79612933,https://www.immobiliare.it/annunci/79612933/,no description,48000,35181,link_ad_79718207,https://www.immobiliare.it/annunci/79718207/,no description,69000,5030,link_ad_79341653,https://www.immobiliare.it/annunci/79341653/,Autosilo interrato,1306112,356274,link_ad_49456379,https://www.immobiliare.it/annunci/49456379/,no description,70000,50164,link_ad_69161826,https://www.immobiliare.it/annunci/69161826/,no description,497000,34653,link_ad_69781186,https://www.immobiliare.it/annunci/69781186/,Locale commerciale,295000,200151,link_ad_65657191,https://www.immobiliare.it/annunci/65657191/,no description,700000,470104,link_ad_79371751,https://www.immobiliare.it/annunci/79371751/,Locale commerciale in vendita in zona montesacro,75000,5036,link_ad_72151296,https://www.immobiliare.it/annunci/72151296/,Talenti - ampia autorimessa con doppia rampa di accesso,1200000,1.49,link_ad_69910146,https://www.immobiliare.it/annunci/69910146/,Negozio  talenti - via francesco d’ovidio 58 mq,89000,58140,link_ad_77532154,https://www.immobiliare.it/annunci/77532154/,Locale commerciale - via isidoro del lungo (talenti),80000,5283,link_ad_76178556,https://www.immobiliare.it/annunci/76178556/,Locale commerciale,70000,45175,link_ad_72896664,https://www.immobiliare.it/annunci/72896664/,no description,22000,14147,link_ad_78241363,https://www.immobiliare.it/annunci/78241363/,Via valle corteno negozio,80000,5043,link_ad_78343401,https://www.immobiliare.it/annunci/78343401/,Vigne nuove locale c/1 di mq 105 lordi,169000,105128,link_ad_72265712,https://www.immobiliare.it/annunci/72265712/,Nuovo salario,55000,3499,link_ad_65657361,https://www.immobiliare.it/annunci/65657361/,Via val di chienti 73,65000,4067,link_ad_74095542,https://www.immobiliare.it/annunci/74095542/,no description,49000,30139,link_ad_79269329,https://www.immobiliare.it/annunci/79269329/,Vendesi attivita' bar gastronomia tavola calda - zona jonio,170000,104110,link_ad_78552493,https://www.immobiliare.it/annunci/78552493/,Montesacro negozio in vendita,168000,10293,link_ad_78709597,https://www.immobiliare.it/annunci/78709597/,Talenti - via l. bertelli locale c/1,149000,9094,link_ad_78203052,https://www.immobiliare.it/annunci/78203052/,"Locale/negozio in vendita a roma, conca d'oro",40000,2497,link_ad_68279201,https://www.immobiliare.it/annunci/68279201/,Bar ad. metro conca d'oro,85000,50137,link_ad_74092558,https://www.immobiliare.it/annunci/74092558/,Negozio via valdinievole,68000,40160,link_ad_48193147,https://www.immobiliare.it/annunci/48193147/,Vendesi locale talenti,1200000,70049,link_ad_78341589,https://www.immobiliare.it/annunci/78341589/,Vigne nuove locale c/1 di mq 120 lordi,209000,120126,link_ad_61145930,https://www.immobiliare.it/annunci/61145930/,Via monte maloia,99000,55138,link_ad_72444610,https://www.immobiliare.it/annunci/72444610/,Locale commerciale zona espero,69000,3820,link_ad_76522908,https://www.immobiliare.it/annunci/76522908/,no description,290000,15557,link_ad_78560241,https://www.immobiliare.it/annunci/78560241/,Locale commerciale 250 mq conca d'oro,PREZZOSURICHIESTA,25017,link_ad_76609052,https://www.immobiliare.it/annunci/76609052/,"Roma, talenti | 2 livelli - alta densita'",309000,16529,link_ad_67578095,https://www.immobiliare.it/annunci/67578095/,Montesacro,75000,40102,link_ad_76065318,https://www.immobiliare.it/annunci/76065318/,Negozio con soppalco via valpolicella,75000,40152,link_ad_77450690,https://www.immobiliare.it/annunci/77450690/,Negozio con canna fumaria,150000,80162,link_ad_71380742,https://www.immobiliare.it/annunci/71380742/,"Negozio viale tirreno, roma",150000,8066,link_ad_71117368,https://www.immobiliare.it/annunci/71117368/,Locale commerciale in vendita a roma vicino via nomentana ottimo uso investimento,130000,6924,link_ad_76608096,https://www.immobiliare.it/annunci/76608096/,"Rif. 19-022-03, Talenti, Via Spegazzini",287000,15248,link_ad_67987623,https://www.immobiliare.it/annunci/67987623/,Talenti - italo svevo,95000,5022,link_ad_76607226,https://www.immobiliare.it/annunci/76607226/,"Rif. 19-022-02, Talenti, Via Spegazzini",230000,12185,link_ad_77790654,https://www.immobiliare.it/annunci/77790654/,Talenti/zio d'america negozio  di 52 mq. una vetrina piano t,99000,5219,link_ad_76608482,https://www.immobiliare.it/annunci/76608482/,"Roma, talenti | 2 livelli - alta densita'",287000,15023,link_ad_76610160,https://www.immobiliare.it/annunci/76610160/,"Roma, talenti | 2 livelli - alta densita'",278000,14571,link_ad_74993730,https://www.immobiliare.it/annunci/74993730/,no description,96000,50163,link_ad_79548517,https://www.immobiliare.it/annunci/79548517/,Vendita locale commerciale  a reddito - zona montesacro,58000,30146,link_ad_78112668,https://www.immobiliare.it/annunci/78112668/,no description,98000,50125,link_ad_74311978,https://www.immobiliare.it/annunci/74311978/,Locale commerciale ristrutturato,59000,3045,link_ad_64588761,https://www.immobiliare.it/annunci/64588761/,Bufalotta,69000,3577,link_ad_79499049,https://www.immobiliare.it/annunci/79499049/,Montesacro espero negozio in vendita,69000,35156,link_ad_47237403,https://www.immobiliare.it/annunci/47237403/,no description,730000,37025,link_ad_79773061,https://www.immobiliare.it/annunci/79773061/,Via sacco pastore_ negozio a reddito,220000,11035,link_ad_73460150,https://www.immobiliare.it/annunci/73460150/,Talenti/casal de pazzi viale marx locale c/1,120000,6042,link_ad_59819724,https://www.immobiliare.it/annunci/59819724/,Negozio in vendita in via adolfo albertazzi - talenti,88000,44106,link_ad_79294655,https://www.immobiliare.it/annunci/79294655/,no description,90000,4581,link_ad_67036753,https://www.immobiliare.it/annunci/67036753/,no description,PREZZOSURICHIESTA,600122,link_ad_77757850,https://www.immobiliare.it/annunci/77757850/,Rendita annuale euro 30.000,400000,200153,link_ad_47217929,https://www.immobiliare.it/annunci/47217929/,no description,640000,320154,link_ad_47219477,https://www.immobiliare.it/annunci/47219477/,no description,640000,320101,link_ad_77394252,https://www.immobiliare.it/annunci/77394252/,Locale commerciale via val di sangro,90000,4486,link_ad_78305573,https://www.immobiliare.it/annunci/78305573/,no description,7000000,3118,link_ad_75880386,https://www.immobiliare.it/annunci/75880386/,Via veronica gambara - ristrutturato e libero da subito -,85000,4090,link_ad_76767394,https://www.immobiliare.it/annunci/76767394/,no description,118000,5534,link_ad_78960473,https://www.immobiliare.it/annunci/78960473/,Negozio nel cuore di nuovo salario,130000,6011,link_ad_71786938,https://www.immobiliare.it/annunci/71786938/,Casale nei - porta di roma - via cesco baseggio,330000,150159,link_ad_77130266,https://www.immobiliare.it/annunci/77130266/,Negozio porta di roma,330000,15092,link_ad_66508669,https://www.immobiliare.it/annunci/66508669/,no description,2500000,2.2108,link_ad_70226716,https://www.immobiliare.it/annunci/70226716/,no description,89000,40113,link_ad_71546098,https://www.immobiliare.it/annunci/71546098/,no description,450000,2003,link_ad_78406801,https://www.immobiliare.it/annunci/78406801/,Nuovo salario - via suvereto,80000,35127,link_ad_78549341,https://www.immobiliare.it/annunci/78549341/,Negozio in vendita roma monte sacro - 35 mq uva vetrina via val sassina,80000,35182,link_ad_78564159,https://www.immobiliare.it/annunci/78564159/,no description,160000,70190,link_ad_78363219,https://www.immobiliare.it/annunci/78363219/,no description,69000,3055,link_ad_76162562,https://www.immobiliare.it/annunci/76162562/,no description,128000,55107,link_ad_70512942,https://www.immobiliare.it/annunci/70512942/,Conca d'oro via valle martello,70000,3037,link_ad_74621072,https://www.immobiliare.it/annunci/74621072/,Conca d'oro via valle vermiglio,190000,80150,link_ad_74111180,https://www.immobiliare.it/annunci/74111180/,Nomentano/ espero   via val d'ossola locale c/1,248000,104103,link_ad_73565406,https://www.immobiliare.it/annunci/73565406/,Roma - piastra commerciale in via delle vigne nuove n. 551,2100000,2.2160,link_ad_77863658,https://www.immobiliare.it/annunci/77863658/,no description,275000,115105,link_ad_66858607,https://www.immobiliare.it/annunci/66858607/,Autorimessa via gran sasso,350000,600192,link_ad_58609970,https://www.immobiliare.it/annunci/58609970/,no description,670000,28028,link_ad_79378485,https://www.immobiliare.it/annunci/79378485/,Nuovo salario negozio in vendita ad. piazza minucciano,168000,7063,link_ad_74611946,https://www.immobiliare.it/annunci/74611946/,Nomentano-viale carnaro / c1 nuovo a reddito,72000,3076,link_ad_76132754,https://www.immobiliare.it/annunci/76132754/,Negozio nuovo salario via giuseppe valmarana 50 mq,120000,5079,link_ad_73259030,https://www.immobiliare.it/annunci/73259030/,Via adamello - locale commerciale,85000,35141,link_ad_68448809,https://www.immobiliare.it/annunci/68448809/,Valle corteno,85000,35145,link_ad_74769180,https://www.immobiliare.it/annunci/74769180/,no description,220000,9050,link_ad_73139042,https://www.immobiliare.it/annunci/73139042/,Casal de' pazzi - via casal de' pazzi -,115000,45114,link_ad_77250710,https://www.immobiliare.it/annunci/77250710/,Vendita locale commerciale - via conca d'oro,620000,198,link_ad_78889837,https://www.immobiliare.it/annunci/78889837/,Locale commerciale in vendita zona montesacro adriatico,180000,70120,link_ad_79160245,https://www.immobiliare.it/annunci/79160245/,Locale commerciale c/1 adiacente metro jonio,270000,104149,link_ad_79268429,https://www.immobiliare.it/annunci/79268429/,Vendesi locale commerciale - zona jonio,270000,104131,link_ad_76002600,https://www.immobiliare.it/annunci/76002600/,no description,520000,2000,link_ad_79705713,https://www.immobiliare.it/annunci/79705713/,Talenti via nomentana locale c1 5 vetrine fronte strada,450000,17032,link_ad_73766340,https://www.immobiliare.it/annunci/73766340/,Locale commerciale con tre vetrine su strada,193000,72121,link_ad_72396388,https://www.immobiliare.it/annunci/72396388/,Locale commerciale - talenti ,230000,1 1,link_ad_79518675,https://www.immobiliare.it/annunci/79518675/,Adriatico - viale tirreno,59000,226,link_ad_74496664,https://www.immobiliare.it/annunci/74496664/,no description,190000,7089,link_ad_74226922,https://www.immobiliare.it/annunci/74226922/,Locale commerciale via valle borbera roma,180000,6538,link_ad_72056158,https://www.immobiliare.it/annunci/72056158/,Locale commerciale in vendita a roma in via lorenzini,195000,7044,link_ad_70100292,https://www.immobiliare.it/annunci/70100292/,Locale commerciale  conca d'oro rendita 7%,850000,300124,link_ad_79013603,https://www.immobiliare.it/annunci/79013603/,Conca d'oro val maggia,128000,4515,link_ad_77205274,https://www.immobiliare.it/annunci/77205274/,Negozio ampia metratura con canna fumaria,260000,9195,link_ad_78841609,https://www.immobiliare.it/annunci/78841609/,Montesacro,338000,117130,link_ad_78166342,https://www.immobiliare.it/annunci/78166342/,no description,170000,1 56,link_ad_79609327,https://www.immobiliare.it/annunci/79609327/,Locale via val senio - conca d'oro,440000,15087,link_ad_78627683,https://www.immobiliare.it/annunci/78627683/,Vendita locale commerciale ad. metro conca d'oro,440000,150133,link_ad_58825086,https://www.immobiliare.it/annunci/58825086/,no description,PREZZOSURICHIESTA,165,link_ad_79197049,https://www.immobiliare.it/annunci/79197049/,Locale commerciale a reddito,109000,3726,link_ad_74120606,https://www.immobiliare.it/annunci/74120606/,Locale commerciale con vetrina su strada,90000,30136,link_ad_46346095,https://www.immobiliare.it/annunci/46346095/,no description,248000,1 58,link_ad_71975896,https://www.immobiliare.it/annunci/71975896/,Negozio a reddito in vendita - conca d'oro,75000,25100,link_ad_76460618,https://www.immobiliare.it/annunci/76460618/,Piazza filattiera,240000,80119,link_ad_74125864,https://www.immobiliare.it/annunci/74125864/,Talenti vendesi locale commerciale a reddito,360000,12051,link_ad_76355710,https://www.immobiliare.it/annunci/76355710/,Locale commerciale - via spluga 10,80000,26123,link_ad_78412725,https://www.immobiliare.it/annunci/78412725/,Nuovo salario localec/1,109000,3470,link_ad_74227118,https://www.immobiliare.it/annunci/74227118/,Locale commerciale via gaspara stampa,225000,70117,link_ad_54976082,https://www.immobiliare.it/annunci/54976082/,no description,450000,14046,link_ad_75279354,https://www.immobiliare.it/annunci/75279354/,Piazza ottaviano vimercati locale commerciale di 400mq,1300000,400148,link_ad_76721620,https://www.immobiliare.it/annunci/76721620/,Vero affare !!!,69000,214,link_ad_65865831,https://www.immobiliare.it/annunci/65865831/,no description,100000,3080,link_ad_71854778,https://www.immobiliare.it/annunci/71854778/,"Negozio in vendita a roma, monte sacro",95000,28132,link_ad_79488121,https://www.immobiliare.it/annunci/79488121/,no description,48000,1478,link_ad_77913968,https://www.immobiliare.it/annunci/77913968/,Via nomentana nuova-negozio,336000,96109,link_ad_79525331,https://www.immobiliare.it/annunci/79525331/,Nuovo salario - via di valle melaina ,749000,214167,link_ad_66098763,https://www.immobiliare.it/annunci/66098763/,no description,140000,40171,link_ad_70922308,https://www.immobiliare.it/annunci/70922308/,Città giardino locale commerciale viale carnaro,130000,35112,link_ad_77137054,https://www.immobiliare.it/annunci/77137054/,Montesacro,189000,5041,link_ad_76516266,https://www.immobiliare.it/annunci/76516266/,Via valsugana negozio c1 vetrina su strada,115000,30172,link_ad_66098767,https://www.immobiliare.it/annunci/66098767/,no description,359000,91115,link_ad_72990278,https://www.immobiliare.it/annunci/72990278/,Negozio bufalotta,279000,70157,link_ad_74875422,https://www.immobiliare.it/annunci/74875422/,no description,PREZZOSURICHIESTA,28158,link_ad_69868478,https://www.immobiliare.it/annunci/69868478/,Cessione/subentro,55000,100170,link_ad_75797818,https://www.immobiliare.it/annunci/75797818/,no description,279000,7069,link_ad_78638887,https://www.immobiliare.it/annunci/78638887/,Negozio - viale jonio,80000,20161,link_ad_53157469,https://www.immobiliare.it/annunci/53157469/,no description,70000,1 64,link_ad_70100708,https://www.immobiliare.it/annunci/70100708/,"Locale commerciale rendita 7,2%",450000,11068,link_ad_76162816,https://www.immobiliare.it/annunci/76162816/,no description,95000,2314,link_ad_79690129,https://www.immobiliare.it/annunci/79690129/,Talenti via carlo dossi 48 mq,199000,48165,link_ad_74429044,https://www.immobiliare.it/annunci/74429044/,Nomentana jacopo san nazzaro,890000,0166,link_ad_71152048,https://www.immobiliare.it/annunci/71152048/,Conca d'oro locale a reddito molto interessante,245000,1 174,link_ad_73068390,https://www.immobiliare.it/annunci/73068390/,Conca d oro val di lanzo bar,385000,91168,link_ad_74114524,https://www.immobiliare.it/annunci/74114524/,Prati fiscali negozio angolare,1989000,054,link_ad_78638847,https://www.immobiliare.it/annunci/78638847/,Vendesi mura + attivita',450000,1007,link_ad_78824463,https://www.immobiliare.it/annunci/78824463/,Cessione di locale a reddito,159000,35116,link_ad_69242140,https://www.immobiliare.it/annunci/69242140/,Talenti- via grazia deledda-,320000,7061,link_ad_78373533,https://www.immobiliare.it/annunci/78373533/,Via conca d'oro locale commerciale 100 mq,465000,100135,link_ad_79198847,https://www.immobiliare.it/annunci/79198847/,Locale in vendita a reddito - zona jonio,165000,35143,link_ad_63395438,https://www.immobiliare.it/annunci/63395438/,Pub mura ed attivita pluriennale mq.150 conca d'oro,720000,150185,link_ad_69571794,https://www.immobiliare.it/annunci/69571794/,no description,259000,52176,link_ad_71716008,https://www.immobiliare.it/annunci/71716008/,"Nomentano, locale affittato ad istituto bancario + negozi",2800000,0177,link_ad_79405651,https://www.immobiliare.it/annunci/79405651/,no description,420000,0178,link_ad_79589177,https://www.immobiliare.it/annunci/79589177/,Montesacro - via delle valli,399000,0179,link_ad_67273459,https://www.immobiliare.it/annunci/67273459/,no description,11580000,0180,link_ad_79278399,https://www.immobiliare.it/annunci/79278399/,no description,29000,013,link_ad_79615547,https://www.immobiliare.it/annunci/79615547/,Ottimo investimento negozio in vendita via graf,180000,35111,link_ad_78632693,https://www.immobiliare.it/annunci/78632693/,Locale commerciale negozio in vendita a talenti,130000,25183,link_ad_77163036,https://www.immobiliare.it/annunci/77163036/,no description,15999,70184,link_ad_75908984,https://www.immobiliare.it/annunci/75908984/,no description,95000,1 144,link_ad_34008238,https://www.immobiliare.it/annunci/34008238/,no description,689000,110186,link_ad_78185356,https://www.immobiliare.it/annunci/78185356/,no description,850000,3+ 169,link_ad_78682767,https://www.immobiliare.it/annunci/78682767/,Negozio 2 porte via ugo ojetti,700000,80188,link_ad_77421188,https://www.immobiliare.it/annunci/77421188/,no description,80000,1 189,link_ad_78218986,https://www.immobiliare.it/annunci/78218986/,no description,300000,0173,link_ad_77423980,https://www.immobiliare.it/annunci/77423980/,Talenti / via ugo ojetti,950000,91191,link_ad_79278337,https://www.immobiliare.it/annunci/79278337/,no description,49000,0142,link_ad_58826680,https://www.immobiliare.it/annunci/58826680/,no description,450000,35,,,,,,,,,,,,,,,,,,,,,,,,,,,,,,,,,,,,,,,,,,,,,,,,,,,,,,,,,,,,,,,,,,,,,,,,,,,,,,,,,,,,,,,,,,,,,,,,,,,,,,,,,,,,,,,,,,,,,,,,,,,,,,,,,,,,,,,,,,,,,,,,,,,,,,,,,,,,,,,,,,,,,,,,,,,,,,,,,,,,,,,,,,,,,,,,,,,,,,,,,,,,,,,,,,,,,,,,,,,,